,city,temperature,humidity,clouds,wind_speed,lat,lon
0,punta arenas,18.77,94,12,2.31,-73.37528793348591,-85.73184121165635
1,busselton,32.41,98,68,12.26,-64.4286131893829,91.62717633307653
2,kapaa,80.83,100,24,8.41,11.358583432000017,-179.92210986170315
3,baturaja,89.65,53,80,5.31,-3.8682178778523735,104.61441595753661
4,jieznas,19.42,85,90,5.1,54.55528998418623,24.270717938014684
5,arraial do cabo,34.25,100,88,15.06,-57.39160604464813,-18.44208309315539
6,dikson,-6.61,89,76,15.06,88.40485160713877,76.3170715942378
7,new norfolk,-24.25,73,0,5.01,-83.75911095262445,127.57756031685841
8,albany,-24.25,71,0,4.81,-83.86892987897303,113.619217663636
9,severo-kurilsk,60.8,100,92,14.36,32.17203554979892,167.27086629812538
10,rikitea,64.58,100,80,1.01,-37.58345696396302,-130.53344634588868
11,cherskiy,-1.21,80,68,8.71,75.93030752095359,158.78497498376345
12,jadu,53.6,40,0,6.51,31.586348682377363,12.169624352869619
13,bredasdorp,42.08,91,92,11.66,-50.37414890139757,20.637309971400242
14,hobart,37.62,97,92,7.91,-62.61498206079431,142.02468619265596
15,olafsvik,37.4,100,48,16.96,60.45501610371346,-28.080436758442744
16,klaksvik,-7.37,93,92,12.46,80.01688410595861,-5.519777076316075
17,fethiye,58.15,100,36,2.56,36.08043036742224,28.81316784159418
18,te anau,62.42,91,20,10.86,-45.056547555431784,158.09960012325996
19,honningsvag,32.41,100,76,17.91,75.08290783088154,26.49330573439795
20,victoria,83.48,100,24,3.26,-4.325234762394274,62.540283084877785
21,skjervoy,28.62,100,44,2.66,71.71633640762829,19.772428910617748
22,lucapa,78.67,80,8,1.51,-8.286747229345451,18.57709208125482
23,severobaykalsk,1.36,65,32,2.01,54.938230059837394,109.14367945221682
24,barranca,74.84,95,20,0.71,-4.508249537434793,-76.2982684813711
25,menongue,80.2,63,32,2.46,-15.566141687251587,17.818505375421182
26,burns lake,22.15,75,80,0.76,52.540438131159476,-126.55503939331788
27,alice springs,90.28,33,48,5.36,-25.442330440539294,133.53098057794006
28,ye,87.8,57,0,2.31,15.595334549699444,97.78239151129611
29,tasiilaq,-14.12,58,32,11.31,67.99048632233266,-37.1706022327096
30,attawapiskat,-23.3,70,12,5.16,60.02890691648594,-87.06042827251662
31,mehamn,18.14,87,8,5.26,79.5975394180669,28.794785830796144
32,georgetown,80.42,100,76,5.86,-6.176501820212437,-15.345277455221975
33,paamiut,-6.16,69,44,4.91,63.80957259388049,-48.55147078955645
34,yumen,28.49,40,24,2.76,36.52023944766749,96.11928152139467
35,parlakimidi,75.61,58,92,2.11,18.818687241422566,84.13366019395369
36,castro,45.95,100,80,16.96,-52.54371758201582,-102.18770754959318
37,mataura,41.86,100,44,11.41,-55.64951063030376,-154.7769065805692
38,fomboni,82.4,100,12,6.21,-14.552831008996748,43.37368625385449
39,makat,30.97,92,76,7.61,47.52989399675758,54.424408230617985
40,sao joao da barra,66.97,100,100,5.21,-34.242920154846864,-21.91753498410128
41,rostovka,-12.37,80,0,1.51,55.38938137973037,71.55522556383875
42,coquimbo,66.29,100,0,9.41,-28.92485420717437,-76.62784840030933
43,terrace,8.87,74,56,1.36,57.63834412193384,-129.35686708838972
44,villa maria,75.83,95,36,2.76,-32.32809078825851,-63.21187286637023
45,khatanga,-22.18,66,0,1.61,80.24496030581466,99.41984491032338
46,dali,51.62,28,20,1.41,26.911480564141,99.3060959981247
47,tautira,78.08,100,88,9.31,-14.871457305294314,-146.21136165373025
48,jamestown,75.92,100,88,5.61,-18.351697916869895,-13.558398244139482
49,daru,81.68,100,80,8.81,-13.152434389142073,143.82888750607697
50,carnarvon,76.6,100,48,7.26,-21.097643462230934,101.66099663886706
51,chara,-6.97,72,48,1.16,59.45887574970746,118.74987075998536
52,thompson,-9.4,83,90,3.1,53.806719594507285,-97.74507303539103
53,upington,92.62,25,0,8.61,-28.018587836979293,21.907905493001806
54,norman wells,-7.96,55,0,1.31,61.82724629952406,-126.63393942440098
55,atuona,79.43,100,76,9.51,-13.190683217887283,-129.65085792319158
56,sataua,82.0,100,48,3.21,-11.265467257500916,-173.05064239246772
57,palembang,87.8,66,75,5.1,-2.897083408704134,104.50743106288792
58,mwense,70.97,95,92,1.76,-10.61887757419889,27.88442493736943
59,jaguaruna,80.92,96,0,9.96,-29.13589734003334,-48.81682537604377
60,hofn,43.43,100,48,12.11,59.40745796666829,-14.784878162865368
61,ancud,59.23,99,88,7.51,-41.27819964273196,-103.29173203133537
62,kaitangata,25.93,100,36,0.81,-76.47401042916569,179.2515249274917
63,canora,6.8,77,90,4.1,51.46160695379143,-102.89854643759945
64,upernavik,-45.8,0,0,2.31,81.04236317910818,-50.34092416909215
65,ushuaia,27.1,99,80,6.81,-72.14688323641757,-50.318275862630685
66,east london,64.36,100,44,4.56,-38.91533389488443,31.133112663567886
67,nanakuli,81.5,100,44,7.06,7.486348439297316,-167.1092169574201
68,salihli,50.0,81,40,3.6,38.492416460789656,28.33842270485988
69,taolanaro,35.24,93,88,9.76,-59.73316481683807,62.267302440850244
70,lavrentiya,0.5,85,88,16.11,76.78662815032251,-169.67316750978446
71,hermanus,-1.57,84,44,6.46,-80.92063499466164,2.594841564575546
72,yellowknife,-26.72,42,20,6.46,70.70076586164717,-108.07454881410362
73,saskylakh,-17.86,79,24,5.61,85.28471906268064,118.82398766510613
74,la ronge,-31.45,52,12,9.16,62.592112425022066,-105.35155263887786
75,nemuro,51.31,100,32,8.31,35.513923656216605,151.89476491467195
76,korostyshiv,18.5,91,88,5.61,50.31809944352821,29.09150599675243
77,arkhangelskoye,-2.2,64,0,1.0,54.013857860198044,56.23076381859832
78,lufilufi,83.75,100,100,6.16,-6.209621664813909,-167.55207745454857
79,airai,81.91,100,56,6.01,6.9980976241912884,139.52247358000267
80,merauke,77.32,100,92,7.81,-8.660773851211815,138.9891440544921
81,codrington,70.34,100,36,10.26,26.744280022815317,-45.63990803941212
82,bluff,-19.07,62,0,1.41,-83.54120468785668,157.87566378792764
83,cidreira,51.44,100,0,3.86,-44.92489762411172,-36.89353248483866
84,ocala,43.39,100,100,2.6,29.44743983789084,-82.1125387486493
85,elko,28.94,81,1,1.06,40.99680290271567,-116.04565515408994
86,virginia beach,57.42,100,100,12.61,34.865655985612634,-70.40370718714968
87,provideniya,50.77,84,48,15.31,42.80824568411796,-178.91966562188773
88,cape town,32.09,100,80,8.96,-67.02504806230033,-6.620515946758587
89,palabuhanratu,80.87,100,20,6.91,-11.28968157372374,104.9422968492176
90,havoysund,16.3,78,0,5.31,78.61357298274964,24.47131730329815
91,puerto quijarro,72.1,97,68,4.16,-18.098362135920354,-57.11854546340042
92,bosaso,77.68,99,0,8.61,12.205033943692257,49.26821574596735
93,port elizabeth,37.72,96,80,16.11,-54.1532718847042,28.770986262488464
94,salalah,83.53,32,0,5.86,18.72897357851521,50.434305421703726
95,ribeira grande,47.71,100,92,11.76,47.86191596090495,-38.6446609301064
96,volchanets,32.09,100,0,11.21,42.88538853465184,132.7710455045928
97,tuggurt,48.2,70,0,1.5,34.108665018023316,6.683481307460539
98,road town,78.31,98,0,8.71,18.4571101422884,-64.25984552262518
99,monrovia,80.47,100,0,2.26,-0.06781495577280339,-14.63092895438993
100,vestmannaeyjar,39.52,100,68,10.96,60.97609696351955,-19.569135028498607
101,salekhard,-11.2,75,76,4.06,65.58717165897215,66.23147721192149
102,avarua,39.92,100,88,3.21,-58.09707545137586,-166.1841314625161
103,butaritari,77.77,100,80,5.71,17.296333642018695,178.7178574856162
104,vila franca do campo,56.57,100,92,1.61,39.73065990775538,-23.317131321368407
105,bethel,33.91,100,90,4.6,59.2754943355456,-162.3871674635618
106,kavieng,85.42,100,92,2.51,-0.25881476696646644,149.6701974409291
107,naze,62.38,100,64,5.56,27.863453903180144,133.04473607773429
108,znamenka,29.48,96,92,6.01,52.295308678736404,41.340721248367686
109,mar del plata,66.07,96,80,4.36,-42.38636566214616,-53.70800169853301
110,koroni,59.05,100,80,6.71,35.81327959580638,21.775325624765145
111,sorland,33.4,100,88,9.41,68.69357254961074,9.638697478017406
112,ostrovnoy,18.37,100,68,8.31,68.859696487239,39.8063721903242
113,lasa,2.71,79,36,4.56,35.6166433028787,92.61502986020935
114,arlit,65.93,39,0,1.76,18.005511607626545,7.6817252786832455
115,sao filipe,78.08,98,44,7.36,10.70386436577975,-26.332155361445245
116,kuala terengganu,81.37,100,44,4.91,6.137973700244473,103.29570414574022
117,puerto ayora,77.41,97,88,5.01,-0.25391889984848603,-103.09009188782746
118,nsukka,80.6,88,75,1.5,6.901796144695396,7.311223665153136
119,dalvik,28.22,100,80,13.66,68.15270234041037,-19.00870537244697
120,acajutla,80.78,100,12,3.31,12.088999673070859,-90.34797973999105
121,iqaluit,-12.05,97,64,6.01,65.5755658153752,-79.3175626634804
122,tiznit,49.51,87,0,4.36,26.131156565426053,-9.099724663566661
123,saldanha,64.13,100,88,3.16,-35.68125681485656,8.408658203236229
124,beringovskiy,-1.3,100,20,1.36,62.15928983568065,176.78790338176566
125,pevek,-17.9,80,24,2.86,84.74722241927157,170.1836010509387
126,la cruz,72.1,100,0,6.41,23.167853363448913,-107.33390976563311
127,cabra,80.47,99,0,8.36,14.111280869560147,118.59424936675708
128,ipswich,34.7,69,75,5.7,52.16480377376055,1.0114317794020167
129,vaini,34.97,100,80,1.71,-63.47111622443842,-172.81712307844998
130,lebu,62.69,97,44,7.06,-38.83792326384969,-94.13253937437658
131,tuktoyaktuk,-23.48,71,20,4.71,82.5808278740106,-127.31605999253436
132,longyearbyen,-15.7,70,12,4.51,85.73669414675544,23.586923878655455
133,barrow,-23.71,72,12,4.01,84.61591673394139,-146.19764856927054
134,qaanaaq,-26.05,41,20,3.16,83.21053884475063,-85.40607429275482
135,maragogi,80.69,100,64,8.16,-10.742790156923576,-33.130764936905166
136,tiksi,-11.92,78,36,6.36,74.42070316364322,122.29011153547788
137,port alfred,-20.15,57,32,3.76,-86.96352012821227,54.57158829560623
138,dicabisagan,76.51,100,0,8.61,17.370207753135105,124.16286836419056
139,mount isa,90.23,42,88,8.61,-19.97522635545556,139.05472275996073
140,taksimo,-4.67,68,32,0.71,56.55608402558602,114.19596515649891
141,belushya guba,-6.65,89,80,15.36,89.60114321496962,47.27952332342059
142,torbay,63.55,100,64,8.41,41.123910941382405,-46.911483412728586
143,chuy,52.34,100,24,4.91,-46.20111251701402,-37.95304303188664
144,atar,60.31,42,12,5.21,18.650032537844737,-11.51797372187707
145,kastamonu,48.47,83,0,1.51,42.03106853623726,33.545694962891446
146,zhangye,18.5,39,32,3.96,36.92736580665088,99.04384668883472
147,kaeo,72.5,99,0,2.96,-33.07847438965665,174.861788392812
150,tumannyy,29.12,97,80,11.11,77.04487294763274,37.11407538512472
151,ukiah,60.76,97,12,7.26,34.24623872547805,-131.90785567248403
152,labutta,81.46,97,0,5.01,15.577283316048593,93.40955133316623
153,dalian,33.8,22,0,4.0,38.538733587068066,121.99028571561115
154,berlevag,20.52,92,90,2.1,70.89440006524063,28.720475927276766
155,ilebo,80.56,83,24,1.51,-4.318490694561731,21.071960098925075
156,asau,85.55,100,44,6.16,-11.792274808021887,175.56652233096054
157,douglas,42.44,87,1,1.16,31.3847288617699,-82.77404927325102
158,sao jose da coroa grande,77.09,100,92,7.96,-13.592948072912748,-26.675828107356807
159,henties bay,70.43,100,68,6.41,-21.265671592231627,5.896088261341248
160,tuatapere,46.9,85,92,17.61,-55.9888733574014,156.54654820122641
161,nikolskoye,37.49,100,92,19.16,53.58293996594361,174.5251842258686
162,hovd,22.51,65,0,6.31,43.67322519499572,102.71156588543721
163,saurimo,65.62,100,92,0.46,-10.063188170304997,19.233291922824094
164,halifax,42.53,94,92,1.91,42.90797469980234,-62.56910794463582
165,hasaki,56.3,100,64,7.46,32.32857834487778,151.61440217079718
166,cabo san lucas,74.26,100,0,7.01,20.144637373365626,-108.77795323704349
167,portland,40.28,100,80,14.21,-54.152975974204196,132.3792076127159
168,shu,30.88,67,0,4.36,43.665121985029856,74.1932568768398
169,yulara,93.25,34,80,2.16,-24.739254097968725,126.20471107265058
170,barentsburg,31.28,100,48,7.91,75.18677792329811,3.838603365745456
171,luganville,79.34,100,24,7.06,-15.980208140501247,163.7412823461229
172,muisne,77.77,100,44,2.06,2.1571749568076797,-82.43401399272916
173,nevelsk,25.48,100,56,7.76,46.670306711925946,141.68064404398496
174,grand gaube,82.9,100,76,2.56,-13.86556948401305,68.90959256930759
175,sijunjung,69.98,98,20,0.56,-1.0756724521957182,101.02666733415288
176,ust-ishim,-2.15,73,32,2.46,58.25685884006202,70.16126068650144
177,chokurdakh,-17.9,80,20,3.86,85.06488449681802,148.5179979407984
178,umzimvubu,39.52,99,32,8.06,-51.37957978616227,46.29912007015369
179,san patricio,80.15,100,64,6.01,7.088478617108095,-115.67035034341998
180,ngukurr,98.92,26,36,5.06,-18.536194282325,134.63734681735127
181,mae ramat,87.8,33,20,2.6,16.950480259051318,98.3623302337275
182,lolua,83.8,100,56,5.26,-7.761868771614758,172.80946944156955
183,prokopion,52.41,71,75,1.66,38.66707112028408,23.39228916737386
184,moerai,77.77,100,76,10.16,-20.808625955381814,-151.73479273893486
185,hithadhoo,85.15,100,24,1.31,-8.77529216898364,71.87490467882944
186,loiza,77.32,100,76,9.11,20.75047817291245,-65.25313373765954
187,baturinskaya,33.35,100,88,2.06,45.699601068887034,39.35498794968544
188,ronneby,33.8,100,90,2.6,56.28217744019949,15.345883973875516
189,vila velha,78.44,100,8,0.16,-27.51366803166509,-24.2681137901736
190,tsihombe,37.62,97,20,8.41,-54.405160859860054,49.64202179721411
191,vaitupu,83.35,100,0,4.76,-1.6742376411322226,-175.19606773612185
192,mandalgovi,28.22,44,12,7.61,43.96350575219,104.6504834045262
193,abu dhabi,85.51,34,0,5.46,22.343602714599996,52.86089748653566
194,pacific grove,59.5,99,48,4.81,34.07092053669247,-126.4557534614244
195,ugoofaaru,82.4,100,12,4.46,6.097853983653593,68.49843037075837
196,vanavara,-10.88,52,48,3.61,61.97968059233284,102.23052808925922
197,bridlington,42.98,100,56,12.31,55.86806817015341,2.0683998691541774
198,boende,75.88,96,92,1.31,-1.2372151681754815,19.84310909275169
199,meulaboh,84.07,99,8,7.01,-2.247049237749252,91.78436334157863
200,the valley,72.95,100,0,5.91,24.99499758727808,-61.14785994041378
201,bambous virieux,68.68,98,0,8.06,-35.69513962796452,76.84129339031983
202,nabire,80.87,100,92,12.66,-5.543843319091408,136.77799695729857
203,adrar,54.46,30,0,1.31,26.610577865586222,-3.7437607064855456
204,grand river south east,80.65,100,56,5.56,-19.7293459602472,71.76487897552644
205,ambilobe,82.27,100,56,5.26,-9.01300690187648,49.95527874545073
206,sentyabrskiy,33.35,100,20,9.96,42.202347422731776,153.73953873760541
207,celestun,68.5,100,80,5.26,21.65383151305747,-91.41708734980952
208,meadow lake,1.18,59,36,4.71,55.03883561811091,-107.0959489540929
209,tsaratanana,72.32,100,92,1.76,-16.88009556645062,47.35113183387239
210,leningradskiy,-21.95,65,12,10.46,87.64396436919853,177.8388265331095
211,faanui,80.6,99,0,3.71,0.9543173049831211,-159.1728476946259
212,katsuura,58.78,100,80,12.31,32.29388749776892,142.4889914064031
213,genhe,3.7,65,12,2.51,51.03752775526027,121.41230026873353
214,hays,36.73,85,64,6.91,39.71462258812994,-99.110932675152
215,zachagansk,12.52,92,44,6.91,50.300336659817845,51.91517295478303
216,broome,91.4,59,24,3.1,-16.916437001397995,123.49094087617073
217,comodoro rivadavia,58.96,89,0,11.61,-48.80650194992722,-62.99777773395827
218,laguna,67.19,96,88,6.11,-38.5103732003685,-36.12964064516643
219,soyo,77.5,100,20,4.56,-8.343860530634132,6.117860973888838
220,inhambane,78.98,100,64,8.81,-25.396001463558164,38.54477571964023
221,deh rawud,49.78,39,0,1.36,32.178462656586134,65.58241991636373
222,narsaq,-21.82,100,0,6.61,81.57131040689754,-61.923759717717886
223,zhangjiakou,26.11,26,8,1.81,40.72002191846721,114.27037303446059
224,machhlishahr,69.8,49,0,4.1,25.655752587755586,82.43260443311436
225,harper,79.52,100,68,2.51,-1.0991057887991644,-8.335051028114265
226,santa cruz de rosales,34.12,47,0,1.36,28.345740804697485,-105.69040328802069
227,ust-kan,-7.15,64,8,1.31,50.36902607643242,84.83832752442402
228,male,82.22,100,0,3.01,4.333630626190583,73.06500491024349
229,emilio carranza,70.88,100,0,3.46,20.169233310159655,-95.48325875397539
230,tabiauea,81.28,100,88,5.01,-2.9882325747182534,169.79595556279855
231,san andres,79.07,100,0,3.86,12.131976639392377,-80.29354950778863
232,sinnamary,72.01,100,80,3.66,20.167563731327817,-43.184116957827
233,ponta do sol,65.17,100,44,8.16,32.28032766799754,-21.923793770028936
234,kahului,65.17,100,56,14.91,28.474101711978534,-152.014793999029
235,morgan city,49.89,44,1,4.1,29.105252864721123,-91.52809744346615
236,sal,45.5,93,75,3.6,32.5548723708544,36.066747118348445
237,ostersund,12.2,85,40,2.1,63.664098879915144,14.355894743724662
238,nantucket,50.32,100,92,1.26,39.45290851832905,-66.87986069927966
239,honiara,82.45,100,88,6.81,-12.172977674071959,159.45627673638688
240,buzmeyin,71.6,84,75,2.1,38.355512636820066,58.250668374820094
241,saint george,72.55,100,48,5.61,26.495682063151207,-59.70679788580401
242,marawi,77.05,20,0,6.86,18.137113259845535,31.415981767172326
243,mount pleasant,1.69,71,90,3.6,43.592068516077546,-85.0588554382866
244,nome,31.26,86,90,6.2,67.89707110596689,-163.1563458298187
245,bauta,64.4,88,40,5.7,23.47763622820844,-82.52872564334018
246,chulman,-14.26,75,44,1.01,57.57267588189421,125.33235763783767
247,yanan,34.3,21,88,2.06,36.69857296423059,107.86429490534988
248,kousseri,73.4,13,8,5.7,12.056173577521719,15.40897599623625
249,lompoc,69.85,97,20,5.71,23.867176848077307,-132.12841025675755
250,alyangula,82.27,100,88,3.31,-14.823389169575066,140.83104131899125
251,port lincoln,67.37,99,0,7.91,-36.75918958130544,134.39872686489707
252,san borja,69.53,100,88,1.06,-15.599550654499993,-66.17725026071908
253,haines junction,1.62,87,32,1.01,61.20152602849009,-137.67641664233213
254,toliary,78.12,100,0,9.51,-25.1146931160646,40.15308230166502
255,koygorodok,14.18,79,88,4.21,60.21205317811612,51.425597593200735
256,yabelo,87.98,23,0,4.91,4.907371607123807,37.64523281984765
257,bathsheba,73.81,100,76,6.36,19.000662677894866,-51.50261795336675
258,gat,56.8,27,0,2.56,27.86714158096146,8.222100215179694
259,kulhudhuffushi,81.91,100,0,3.91,6.919926580126514,71.5780156823715
260,porto belo,82.45,97,0,6.16,-27.212515112845914,-47.63216569551821
261,codajas,74.97,96,36,1.66,-2.4575256393846274,-62.12574049825771
262,araouane,61.21,30,0,1.31,20.606283356659674,-4.029354034643774
263,malaryta,24.8,85,32,5.0,51.70040726463989,23.993979824454442
264,la palma,78.67,100,68,3.91,4.176245664011432,-82.00084910227363
265,samusu,81.01,100,32,2.66,-0.2012154695769226,-163.5262252811851
266,ewa beach,78.17,100,8,5.96,10.380037625511463,-162.30472653130124
267,leo,79.43,18,0,3.71,11.060888690861816,-2.2062715717455035
268,caxias,70.97,98,80,1.21,-4.729933883612702,-43.480858290147296
269,nuuk,25.02,100,68,10.36,62.364345449611335,-52.7347582440907
270,kihei,62.96,67,1,10.3,20.21053817412509,-156.68469260931488
271,kruisfontein,39.61,89,92,13.21,-51.24324896062683,25.75325711835569
272,camacha,55.9,100,80,5.51,40.85986069522846,-17.10132740899465
273,nyurba,-21.73,62,64,1.71,64.12529312651085,118.27884357781187
274,praya,79.88,100,88,6.01,-12.469207987877297,116.97822817672284
275,yar-sale,-15.43,70,0,0.26,75.39964447315373,69.11778970450982
276,esperance,94.64,11,0,3.66,-28.440678445886398,123.93089944487764
277,moree,97.34,22,0,3.86,-29.289596721626005,146.0697154924444
278,alofi,74.97,100,76,7.51,-27.84608345417694,-167.5731716634078
279,hilo,80.11,100,80,6.66,3.8584275421978163,-161.75129591799663
280,leshukonskoye,10.22,80,64,3.56,65.23866775483333,46.545538643258766
281,kovylkino,20.12,90,92,6.31,54.2259944177263,44.15316524532696
282,nikolsk,15.8,78,92,1.66,59.591552307136084,44.69128111122376
283,saint anthony,1.4,84,90,1.0,52.15681725114115,-56.697409455444685
284,sambava,81.46,100,32,7.96,-12.089221170549877,55.306049799310216
285,deputatskiy,-50.8,0,8,1.21,68.6446955648205,138.25540785407765
286,vestmanna,30.2,100,20,6.91,69.3223477207087,-8.05776088733927
287,kualakapuas,84.7,98,88,2.41,-3.667578691289094,113.87893681332957
288,nkhotakota,71.92,100,92,1.51,-12.767490984440656,34.55179910780515
289,evensk,-17.45,73,68,1.71,63.28156865548243,161.9567288375162
290,maykain,-9.13,85,8,2.06,50.71841590357528,76.64862523149952
291,campos gerais,65.12,97,0,3.26,-21.121515318975597,-45.90761005216967
292,bozoum,85.87,24,12,3.66,6.303985450363697,16.141449331353073
293,amderma,-0.49,78,80,6.26,69.75278617961061,60.66656992059231
294,morondava,83.57,100,24,5.36,-17.97372658390215,42.51263459677418
295,suntar,-3.73,74,36,1.16,59.7902940082688,119.32708668026902
296,aktau,42.8,87,90,3.0,44.012179346844164,51.11783805250141
297,oreanda,43.79,100,8,1.86,43.86790183085296,34.39235604379661
298,gidole,83.03,39,0,0.21,5.932475414612497,37.514105609846496
299,bima,79.7,100,88,7.46,-7.859755981279719,119.34526040621597
300,mahebourg,59.67,86,92,11.81,-43.39725786054021,76.68650018891839
301,mitu,74.8,96,24,0.96,2.832851086571509,-70.42938827508185
302,ituni,67.42,94,76,2.11,4.647328390406571,-59.1933701536167
303,santa maria,72.63,68,75,3.6,16.687688309592446,-22.96392621791577
304,bengkulu,72.82,100,92,7.96,-22.722001385652987,88.74467606283338
305,seinajoki,-2.2,84,75,2.6,62.47388222357111,22.891813698563254
306,luderitz,69.85,100,12,7.06,-29.467400782836776,10.000895605127852
307,gazojak,56.35,72,44,4.91,39.695511839614,60.84835366711769
308,kedrovyy,1.49,61,44,2.96,57.27963077647098,80.44160183000702
309,kawalu,79.21,96,92,10.46,-17.407949204362225,106.56201856529071
310,presidencia roque saenz pena,79.57,91,68,2.81,-27.695200433407393,-61.67878598808804
311,samdrup jongkhar,61.3,43,0,0.96,26.777634738212157,91.51491959394258
312,nouadhibou,64.67,100,8,9.31,23.84987529743246,-17.26058037711718
313,geraldton,65.53,100,12,7.46,-31.78601553183936,95.04945633008526
314,fortuna,53.83,100,92,3.01,40.07886361071698,-132.91003982029395
315,vao,73.62,100,80,6.51,-29.79721425817636,166.39362845479047
316,herstal,35.11,97,75,8.2,50.68285603870709,5.603469407830346
317,lorengau,79.12,100,76,7.36,8.234497132859488,149.01383389086692
318,beloha,65.71,100,8,4.26,-33.4026799228757,41.04810293111109
319,banda aceh,79.88,100,64,4.66,4.587868026825589,91.30745240356492
320,dingle,51.85,100,92,7.46,47.40460327368598,-15.763824789266124
321,tromso,30.92,100,44,15.26,74.11865873778652,18.22178917597205
322,hamilton,74.75,100,24,7.46,25.787589160702836,-63.669914766879685
323,marystown,61.12,93,92,6.81,41.282867587679675,-53.09559329917498
324,panguna,80.69,99,56,1.61,-5.903558925691556,155.1243769170781
325,vrangel,32.45,100,24,13.91,41.523629903525915,133.17487860365964
326,los llanos de aridane,68.41,100,48,9.86,28.28427416916334,-24.8890158802879
327,nizhneyansk,-13.63,86,36,2.51,82.32748414782154,140.82669969318084
328,sibolga,82.04,100,8,3.26,1.83422909047556,98.57668936208427
329,caravelas,80.47,100,88,6.01,-22.890639220217594,-28.436724855394345
330,lahaina,73.13,100,0,10.51,20.033090210619065,-157.53019736703638
331,bantogon,82.81,95,36,6.11,6.537434456061959,123.77425676841358
332,yacopi,66.7,96,100,0.96,5.445293295907803,-74.38475600265245
333,qasigiannguit,-22.13,74,36,1.41,66.7093045291499,-46.4735755093474
334,corralillo,70.07,100,92,5.96,22.97320718619872,-80.59476459928214
335,san rafael del sur,78.58,98,0,2.91,11.046211292837611,-87.4846545757953
336,leninogorsk,10.49,73,0,4.61,54.49065128095242,52.319991482417834
337,isangel,76.28,100,56,8.11,-24.425191796607038,175.90358432097247
338,hirara,73.9,100,64,6.46,19.193005113780075,129.3581024003579
339,kautokeino,-20.2,75,0,0.5,67.74860513755624,22.13087804131206
340,gizo,84.74,99,92,7.76,-9.815037609582319,157.16818102389124
341,evans,31.82,63,88,12.3,40.32106475722321,-104.29288898956366
342,saint-nazaire,40.41,93,90,2.1,47.761081288064645,-2.143733099741212
343,mitchell,30.2,75,90,16.5,42.943514243234915,-98.25779325989176
344,ruthin,33.1,74,20,2.1,52.71485152614878,-3.2449065579059777
345,saint-philippe,34.79,95,88,7.91,-60.46422974711372,73.53516214668076
346,two rivers,12.04,78,90,9.8,44.21846711937252,-87.45624390036966
347,aykhal,-34.37,59,32,1.46,69.30313770371697,107.99883034139691
348,portmore,77.0,61,20,4.1,17.913038995913524,-76.85246711267042
349,santa barbara,25.21,76,0,1.41,27.271149933702247,-106.59740364378325
350,riyadh,73.04,48,0,7.26,21.35893967660931,46.17571786934687
351,fort nelson,13.51,64,0,0.76,59.18925717833639,-125.1201795881126
352,nago,62.11,100,0,5.46,28.397502769039903,126.44760223723318
353,taitung,71.38,100,0,5.26,22.276494300663416,122.99046000934601
354,kieta,83.35,100,64,1.06,2.074509554140306,162.01103942862932
355,kitimat,33.8,86,40,9.3,54.01452965497711,-129.1947013270352
356,port hardy,48.92,98,92,6.11,47.614179400167785,-134.4863703663167
357,rolim de moura,74.17,97,88,1.86,-13.512594849026883,-62.76232559465625
358,tehachapi,44.71,45,1,4.1,35.27883160934974,-118.46772944002066
359,batagay,-51.97,0,0,1.46,66.1790361074545,135.7301290089302
360,namatanai,85.55,100,68,1.86,0.02168856290862209,155.66131175126145
361,santa luzia,70.79,95,76,1.21,-8.02198156040636,-47.176234354035756
362,axim,81.28,100,80,5.01,1.8998243453559525,-2.445267377769767
363,coihaique,44.38,98,92,5.86,-48.22499060822281,-72.6898050118152
364,trapani,53.69,100,0,9.81,39.03375925600142,11.819377056065662
365,cayenne,78.35,100,64,8.16,7.026288476370354,-47.22909988220093
366,franca,62.42,85,0,2.96,-20.56381027615072,-47.48799334635822
367,rawson,64.36,86,0,11.21,-44.81416003354204,-65.3336055442957
368,sonepur,67.87,94,92,2.81,20.712959191807855,83.86855225281738
369,omsukchan,-29.83,46,8,1.36,61.119089180006085,155.926508654482
370,makung,67.78,100,0,6.81,23.615170063106802,119.37205525215126
371,mino,37.4,93,75,0.5,35.70992057278379,137.07473705400002
372,verkhnevilyuysk,-0.67,75,44,1.86,60.56307666517881,121.38930651396942
373,dalbandin,67.06,37,0,2.11,30.194188538024733,64.03876213068182
374,bur gabo,81.95,100,48,6.01,-4.565402973161312,44.72765032119679
375,sola,83.39,95,92,3.66,-13.586015992354476,167.54032592822182
376,sur,74.62,100,0,6.16,20.949671687525864,61.49861721540768
377,pingliang,31.42,50,88,2.51,36.45928884713294,106.00199050587554
378,porto torres,51.8,100,20,16.26,41.56543042103061,7.484785972337335
379,baherden,62.42,61,36,2.31,38.49361977958495,57.172407778112046
380,morristown,27.5,100,90,0.91,36.82461846552269,-83.64636727089763
381,preobrazheniye,21.65,58,20,3.31,43.39088055069439,134.0348746283516
382,bunia,87.98,30,8,2.31,2.0845345129682897,30.34296089525543
383,matai,69.8,77,75,5.1,-8.278660230520686,31.72310078977131
384,plettenberg bay,49.82,94,0,7.61,-44.99163021574915,23.907904421168098
385,haimen,73.58,100,0,8.56,20.668140608442215,117.87584084813693
386,khorixas,65.17,93,0,3.56,-20.42931856538111,13.181987549062114
387,raga,91.9,27,76,3.91,8.28529226516541,25.924253412675057
388,nanortalik,38.71,100,24,11.16,53.01054672816332,-34.308942994851066
389,chauk,84.65,56,0,2.16,21.20232760463439,94.69785159189581
390,constitucion,48.42,89,8,1.36,25.226124132010284,-111.00351856999185
391,ilhabela,81.05,99,92,7.96,-27.359026128536314,-44.124640223818005
392,lodja,81.01,85,12,1.06,-4.045703311355069,24.10993885234754
393,montpelier,12.09,76,90,4.1,44.28058779976871,-72.50862203873112
394,miracema do tocantins,66.74,92,8,1.31,-9.446851635515358,-47.50607496246607
395,sao felix do xingu,69.8,99,88,1.01,-7.087960188530275,-51.214792904514695
396,arawa,86.05,99,8,5.11,-3.9465118203718106,154.93419611228455
397,hohhot,28.4,15,0,2.0,41.35244223350651,111.94982029631342
398,tubruq,55.45,82,0,2.86,30.33860685282866,24.041729106718634
399,rocha,54.5,97,8,9.31,-46.67395008183777,-43.11157611241592
400,nanzhang,38.48,63,80,1.06,31.67409926207469,111.11104346809782
401,saint-paul,81.5,100,44,8.96,-20.509151319298397,52.93865278790827
402,nchelenge,76.82,87,32,1.66,-8.92969459424694,27.57697957436551
403,visby,35.56,100,92,12.01,58.19998644753042,19.393996699421592
404,kaseda,57.38,100,0,8.56,30.57549496983016,128.49822726422542
405,ilulissat,-45.85,0,0,2.56,81.1532496450501,-43.496860859733204
406,bela,69.22,66,44,1.31,25.749930094785427,65.80695281750332
407,carauari,73.9,96,8,1.01,-5.940679437048843,-65.83743243473883
408,mys shmidta,-11.92,78,44,12.16,79.70596002080521,-172.8016389476632
409,zyryanka,-26.18,40,48,1.51,64.63187690121114,150.7812414480083
410,langarud,52.75,100,92,4.06,38.54245557220932,50.57714892179513
411,riberalta,77.27,89,48,1.86,-11.806502935851157,-66.22864529865082
412,xique-xique,74.75,73,0,6.81,-10.901247124595457,-42.60053398181438
413,tiarei,78.58,100,76,9.91,-14.533333988977702,-145.9705400576066
414,gonzalez,56.93,91,12,1.86,22.717488682976892,-98.73633040492722
415,saleaula,84.47,100,48,7.36,-5.480284088440726,-172.0025705892403
416,college,26.38,80,88,6.36,69.72307254171125,-150.68936027402975
417,defiance,10.24,100,90,3.6,41.58849279917834,-84.51424767877005
418,clyde river,-9.76,100,68,9.61,67.5351255634157,-79.14934577809517
419,seymchan,-36.85,68,24,1.11,62.49883263480015,153.93920243116037
420,tilichiki,0.82,72,88,1.51,60.64342001455526,166.05115412476778
421,mount gambier,71.6,56,0,8.2,-37.649941163677234,140.68135185332937
422,cam ranh,79.12,100,44,8.61,11.602013561095234,110.7498403533258
423,abancay,43.02,100,88,0.56,-13.933287791426125,-72.57199407366718
424,sladkovo,-8.9,68,0,1.61,55.717328580537156,69.94889131293797
425,saint-leu,80.69,100,56,8.71,-21.55260841806775,53.449909664935745
426,petropavlovsk-kamchatskiy,20.39,100,32,5.26,51.68116801394763,158.01320538842344
427,kananga,86.99,74,0,2.11,-6.024071328639195,22.660388678242157
428,eyl,79.79,96,0,8.86,5.558621382797199,52.59811980830881
429,tagusao,78.98,100,76,6.91,11.367891830147002,116.09982454804106
430,lata,86.5,99,76,5.56,-9.406354386191282,170.75064202815014
431,north bend,53.2,99,92,3.51,43.068939043381306,-134.35614880398052
432,sarakhs,71.6,34,40,15.4,36.9947152500971,61.144543777126984
433,pangody,3.7,83,68,4.76,67.67489121889602,74.56215260379574
434,hami,27.55,95,36,5.31,40.694534507896606,91.28030668894945
435,kodiak,39.74,100,92,1.16,53.527235553948,-154.81738818106794
436,horn lake,36.32,93,0,3.1,34.88291177259707,-90.22014151591411
437,taltal,67.78,100,92,7.01,-26.0277485830633,-78.73395101866019
438,klyuchi,-10.66,74,0,2.36,51.85704924029733,78.34706058834718
439,goure,70.88,19,8,6.41,14.167542629225338,10.176624558813671
440,anar darreh,57.7,73,12,6.76,33.33342912228663,61.109429143406345
441,bilibino,-11.92,77,48,15.71,70.82777685065705,166.40976571940547
442,padang,83.12,97,36,8.16,-7.780215832566924,89.2256137552692
443,altay,-5.35,61,32,1.11,47.86705531335687,89.2058844783366
444,awbari,55.04,54,0,5.36,26.95078325963867,13.10491371667672
445,madang,80.6,100,76,6.51,-4.573028049884016,146.91114084500202
446,askiz,-6.43,54,48,4.81,53.227675398645204,90.21591995844653
447,ahipara,71.15,97,0,5.36,-36.41241217553709,170.38728157079765
448,calama,37.94,100,12,1.06,-23.782825124504782,-67.85524383081962
449,goderich,79.88,100,24,2.36,3.8146086342099608,-19.052779985026632
450,kavaratti,79.93,100,0,8.86,12.584765291832056,67.13002845141287
451,hambantota,82.45,100,0,4.61,2.7472148402051317,82.34751930644484
452,makakilo city,81.32,100,0,6.56,6.714530701266838,-165.73745478862955
453,ndele,89.02,21,8,4.01,9.234446614728682,20.054498432078617
454,bairiki,80.56,100,76,3.76,0.23364869124408472,167.2098165299658
455,healdsburg,55.04,100,92,6.36,37.37920545771506,-124.80727899721978
456,chapais,-16.82,72,64,7.41,54.44791083850555,-75.89647215735319
457,namibe,73.58,100,88,6.96,-14.931958278139732,3.543013146375671
458,kasiri,73.4,100,0,1.0,9.039297696754588,-13.082464390740142
459,alappuzha,82.85,100,0,1.41,9.271224034995882,74.7401478099564
460,porto uniao,64.0,93,0,1.76,-26.485433565386877,-51.3304327759563
461,montigny-les-metz,33.48,98,88,2.1,49.1105103603287,6.010828300985594
462,saint-pierre,35.42,94,92,9.71,45.89332407972441,-57.52607801097025
463,karratha,86.0,70,12,9.3,-20.721683506506096,114.84978761940539
464,cedar city,12.02,83,1,2.1,38.07118455399009,-111.70542332960588
465,ambulu,82.49,100,56,10.21,-11.371914151606347,113.10139248547796
466,shingu,64.85,100,92,2.41,24.97896372343142,140.33318553743737
467,marzuq,54.73,61,0,1.86,24.62319280009946,17.597883799677902
468,namie,41.92,51,75,1.5,37.58205163438545,140.93799557284825
469,talnakh,-22.72,68,0,1.86,80.40074832616594,89.32670203807373
470,providencia,60.35,100,0,4.91,28.489908612371607,-111.73656352697076
471,kayerkan,-29.33,47,32,1.46,69.17532653357864,87.05048167402316
472,kloulklubed,77.9,100,92,10.91,6.969790974544452,130.697203135334
473,cap malheureux,83.75,100,8,4.66,-14.655348054116118,56.79608310737868
474,shirokiy,-37.75,64,24,0.91,63.557906944376015,147.77419080663753
475,aksarka,-19.57,57,64,2.36,67.34348795767082,68.28072786802929
476,tabas,68.9,32,64,2.51,33.84181923377599,56.63198335889396
477,paradwip,78.8,98,0,4.81,16.39472150208948,89.55735608149269
478,nishihara,70.57,100,36,5.51,22.405437168540402,131.87395658725796
479,rudbar,74.03,20,0,2.01,30.230852558751764,62.368256758409046
480,ryotsu,41.86,100,80,10.91,39.01175421120391,138.09210858102205
481,tubmanburg,77.45,67,0,1.51,7.125353432401056,-10.540487165181787
482,guerrero negro,76.06,100,44,9.51,13.283053010756916,-129.23494669670498
483,komsomolskiy,-3.46,89,76,14.56,70.77399883131528,175.07767280761277
484,deer lake,22.82,88,92,7.06,48.43460038574332,-56.80092664371824
485,luanda,77.68,100,64,3.76,-10.507634191521461,9.11467265001869
486,vardo,29.62,100,68,15.01,73.14403409525164,33.36880050828461
487,walvis bay,69.44,100,80,4.51,-24.945977413039756,5.436979370107565
488,louisbourg,66.61,98,92,11.91,39.50771913035106,-57.25646233446491
489,tevaitoa,79.97,100,44,8.86,-19.08600558865298,-153.92873032476382
490,bargal,78.8,100,0,9.31,10.937441068212578,57.01693181080387
491,quatre cocos,82.58,100,76,6.61,-18.474651140709682,61.437516644214895
492,harrisonville,45.48,52,90,6.2,38.19318150477767,-94.44541136711439
493,kumluca,59.27,100,76,5.36,34.80985408376006,30.5074286093475
494,amalapuram,77.54,100,80,3.11,15.395952914620864,82.62221583488957
495,tete,75.7,94,36,3.76,-15.4007862548371,33.11729137310601
496,nelson bay,74.39,98,12,4.01,-37.219274002346516,161.17044814550877
497,karaul,-28.97,47,12,3.11,69.51437660348716,82.0855144378695
498,ekhabi,22.87,100,68,11.11,53.52146306550924,147.25129040883525
499,cortez,28.58,79,0,2.1,37.23830856596905,-109.67474274222484
500,bayan,68.77,88,68,10.16,28.566343680905305,48.943927978442986
501,kindu,91.85,50,8,1.31,-1.835172346534378,25.271108520392147
502,acapulco,76.55,100,92,2.16,4.287171149141429,-103.28993687571578
503,mareeba,79.66,91,92,2.11,-14.765303021168037,143.08945161294594
504,san cristobal,77.99,100,0,2.91,-0.4418924073291919,-88.56384944150328
505,kudahuvadhoo,81.82,100,0,5.01,2.631824176536824,69.6507900624809
506,solovetskiy,14.95,100,64,9.76,65.89268264910211,37.52009831716296
507,mahibadhoo,86.0,70,20,4.6,3.9448551697817464,73.15736009148401
508,port-cartier,-4.58,75,64,5.96,53.747529050063434,-68.9495129550893
509,kirovskiy,16.34,88,36,1.51,44.977986797534925,78.29989279176357
510,bolitoc,78.76,100,48,1.81,15.502282226760897,118.2596504967915
511,adra,69.35,66,88,3.01,23.388640721180295,86.71256935216337
512,bone,85.6,99,88,3.41,-4.599610534763812,120.629616900097
513,nacogdoches,36.43,95,1,2.66,31.43626187132267,-94.26801739125442
514,kholodnyy,-39.19,72,36,1.21,61.20249242385253,147.35023620100094
515,farrukhnagar,68.95,88,90,2.1,16.877131891278097,78.50225050743774
516,banos,42.8,93,0,1.0,-1.3690832489803029,-78.25537280313328
517,santiago de cao,75.25,100,80,2.51,-9.082390770331898,-80.43888941306214
518,ometepec,59.41,91,0,1.06,16.766548694041745,-98.5015314812738
519,mabaruma,78.89,100,80,8.76,8.874402316027457,-59.047686556693236
520,nara,66.16,38,0,3.21,14.640445266579349,-7.350203937238092
521,itapemirim,77.68,100,36,3.56,-20.977572954288703,-40.89584522954823
522,youkounkoun,69.85,28,0,3.36,13.509749335481715,-12.544446933352617
523,palu,79.88,78,64,1.21,0.4697444655129175,120.5775043885726
524,tomatlan,75.92,100,0,3.71,16.78575769770893,-109.66838449054467
525,inyonga,78.08,78,48,1.81,-6.882114313366671,32.58361183483052
526,simao,67.6,53,0,1.06,23.10997849377989,101.19908141509234
527,chihuahua,32.18,48,0,3.01,28.590077354269937,-106.2888786144207
528,souillac,39.88,100,80,10.86,-50.00377100529293,72.71462178076615
529,sitka,49.73,92,88,9.71,46.77490771939267,-141.57821390755123
530,yarmouth,37.4,100,90,4.1,43.71168232608261,-65.76164177088523
531,sudislavl,15.4,91,80,2.26,57.62344104312231,41.59771902322157
532,aklavik,2.97,54,20,1.76,66.53671743290897,-136.7744614200832
533,takoradi,80.92,100,68,5.21,-0.5217047298764328,-1.3914088063451686
534,polyarnyy,24.4,100,64,9.01,71.22059868155031,34.81010614193039
535,ballina,45.77,100,20,12.21,57.173114708660734,-12.176449980255967
536,semey,-13.0,75,75,2.0,50.58089413907595,80.86643095948477
537,tari,82.62,52,68,1.16,-6.302813167922281,142.5249248533823
538,milkovo,21.02,100,92,6.36,53.91989310451851,160.17584977100245
539,joshimath,-4.99,87,24,3.01,34.33517983836596,82.82607766100404
540,kamenskoye,-18.04,74,32,1.21,63.0519704864239,170.81430866356322
541,broken hill,100.0,22,0,3.46,-27.399291063998206,140.48444066214938
542,bekwai,80.47,77,12,4.31,6.495692937542273,-1.4063360601651027
543,wakkanai,34.12,100,92,11.96,45.62322972545036,139.9098749205043
544,hoddesdon,33.6,80,0,5.1,51.73257397613912,-0.027118694643775143
545,kuressaare,24.8,92,90,9.8,58.016519314398835,22.77959574600783
546,varhaug,42.58,100,56,12.06,57.06507453027501,2.5974904230542677
547,mul,73.58,74,0,4.96,19.890575216856178,79.57447452124728
548,touros,75.65,100,88,3.61,0.9426141900717369,-26.90890693805713
549,ibra,80.78,55,0,5.11,20.906563255753483,58.32078432061675
550,wajima,40.51,100,76,14.16,38.24679335968773,134.37745285312496
551,barcelos,76.96,96,48,3.41,-1.35010031947904,-62.34656063147041
552,port macquarie,77.41,100,0,7.91,-32.17125745393258,155.64380042701634
553,beamsville,4.95,60,1,4.1,43.22223908231152,-79.35987369595102
554,wanning,76.55,100,32,9.26,17.54999540806004,112.87357414571062
555,sao paulo de olivenca,72.72,98,44,1.06,-2.643829989527461,-69.670317200061
556,pecos,53.96,18,1,6.2,30.790479101580857,-102.92002853584636
557,lusambo,86.9,68,0,1.26,-5.3166753674733656,23.353570931592742
558,matara,83.3,100,20,4.11,-0.545227551711605,79.94311436275012
559,halalo,83.75,100,92,6.01,-15.878782551632256,-179.80834915532907
560,sulphur springs,41.63,61,1,4.6,33.155488899640446,-95.40445902471934
561,beira,81.55,100,0,6.46,-19.789243173185596,35.83641373864714
562,grindavik,39.92,100,44,16.76,57.08390541846529,-26.875749364689
563,elizabeth city,58.15,100,92,14.21,33.947988348942246,-71.48124366588945
564,aflu,39.47,93,36,8.56,33.718011844725766,0.6262171013134719
565,suoyarvi,-9.98,69,8,1.16,62.460517585543755,32.010325921217174
566,mayskiy,-0.08,70,64,1.06,49.13879829252335,139.48659819865787
567,almaznyy,-10.43,69,48,1.61,62.94739866149891,114.41067947011265
568,richards bay,72.59,100,88,5.56,-29.83706697058342,38.40653368054336
569,baghdad,65.57,64,92,5.26,31.353678684084443,44.83224702170736
570,solnechnyy,-33.61,56,12,0.96,59.641680129258134,136.57025809370828
571,itarema,79.93,100,92,6.66,3.980583265958444,-36.87768995392548
572,yeppoon,81.14,100,92,6.36,-18.82878212229346,155.89233933320753
573,tazovskiy,-32.08,56,0,1.46,70.42783920966804,79.47924045526287
574,half moon bay,63.37,97,92,9.06,31.56488946409553,-131.8276194048663
575,cururupu,79.7,100,80,6.91,3.586039305136353,-41.70464717353039
576,marcona,69.31,100,92,7.96,-26.41842740910382,-89.08195406383487
577,port blair,83.8,97,92,6.71,9.14419276308007,92.52883422317717
578,paltinis,23.0,100,90,3.0,48.448706915543994,26.74058544067151
579,pocone,72.14,98,92,3.41,-16.53278218332926,-57.1870364300687
580,nalut,53.87,59,0,6.01,29.098673841535685,9.552031719055321
581,crixas,69.98,94,88,2.31,-14.026345435388151,-50.3520699141406
582,avera,72.14,99,88,6.86,-31.924525723221542,-155.68339724885297
583,ishigaki,69.67,100,0,4.41,23.113605685101433,123.38068463275624
584,ketchikan,33.91,100,90,2.21,56.36119356802209,-132.76305131851785
585,jibuti,82.4,65,40,8.2,11.883937090662016,42.63163983933268
586,simoes,71.24,69,92,0.66,-8.019661357553403,-40.74228883207206
587,cay,37.4,91,0,1.71,38.49190128672356,30.871864413961134
588,ankang,41.54,64,32,1.41,32.85200238876432,108.18155765365759
589,dinsor,91.94,30,0,7.96,1.7758607260474122,43.3219391890795
590,ternate,77.54,100,92,6.36,1.4074409215188268,127.36582891268557
591,korla,-5.17,89,24,2.61,35.65326235347038,88.26905924861217
592,orshanka,17.65,87,92,5.66,56.8116028245976,47.836460232175654
593,dapaong,80.92,24,0,2.51,10.713472889451637,0.2852445187340038
594,herzberg,35.6,95,40,3.6,51.735528380576966,13.340715105904081
595,chaa-khol,-2.02,53,20,2.31,51.61362533812806,92.23695074144456
596,panaba,68.32,100,92,5.51,21.79500463298237,-87.82425729653097
597,lamar,39.7,56,1,9.3,37.63773418108494,-102.46946441647215
598,mayo,-16.6,75,5,1.11,63.351797020682795,-135.23904185898257
599,carutapera,78.76,100,68,7.31,5.68309170104952,-42.082546507466105
600,nhulunbuy,85.28,100,88,5.26,-11.848184206815745,137.9678573581498
601,poum,79.66,100,0,7.86,-20.59380540168702,157.70230875792487
602,minyar,9.1,49,0,1.06,55.07034273843837,57.44123502855564
603,umm lajj,68.0,88,75,2.6,25.137270840643026,39.76157713901574
604,manakara,79.88,100,0,8.31,-22.772516788991908,50.40516334496752
605,ambodifototra,79.47,100,92,6.41,-17.157637651931566,52.01067615097182
606,mae hong son,72.91,67,64,0.86,19.19320238089462,98.17674181801527
607,sakaiminato,46.4,39,75,7.7,36.100115762737545,133.27499905224556
608,puerto del rosario,56.53,87,88,5.56,27.0970721662691,-11.839359100459149
609,atambua,82.13,100,36,6.36,-6.705151614792527,125.90331782848659
610,linqu,37.04,26,64,1.76,36.495253273308506,118.59873287370948
611,anadyr,-14.17,64,20,1.81,66.12567309777819,179.67347865560464
612,kleive,25.66,54,75,7.2,62.94982804584538,7.594068426460723
613,addi ugri,86.72,20,0,1.86,14.693246745092651,39.013203110459784
614,sovetskiy,9.14,100,80,1.06,69.95465215481696,65.71664877049227
615,la trinitaria,53.69,100,0,1.41,15.984641509760777,-92.20183498953786
616,chumikan,-7.69,62,0,1.51,54.39661023874271,137.07388866652036
617,kununurra,87.76,58,8,3.11,-18.602211507119534,126.55121898892736
618,tshikapa,83.3,72,0,1.31,-6.934386978781248,21.561738887390305
619,yima,41.99,35,44,1.11,34.22097825400516,111.77057764146974
620,rundu,83.26,63,44,4.76,-17.153650902601427,20.568396422414622
621,aberdeen,43.45,88,90,8.2,46.985196759482875,-123.84865523493423
622,tsiroanomandidy,70.97,97,92,4.76,-17.902206565942762,45.3718529198423
623,gasa,11.3,76,68,4.76,28.216078225744326,89.23065338323573
624,vostok,22.06,100,20,10.06,51.87791725346136,148.74057695809154
625,viedma,67.19,91,12,2.21,-41.12917619166406,-61.13121237456657
626,hualmay,75.25,100,68,3.36,-12.401765117547399,-80.66499720484637
627,ivaipora,69.8,83,0,2.41,-24.337036808571355,-51.98382481751338
628,mangrol,73.67,100,0,9.91,19.528198776992383,68.85689829094969
629,marion,36.43,86,90,3.1,37.672534223108684,-88.87930195437711
630,hobyo,82.4,56,68,7.26,5.440303991724335,46.056700152586274
631,shelabolikha,-11.2,69,40,6.0,53.464630615944,82.52144401009451
632,cozumel,73.9,100,20,10.21,20.237398837772744,-85.11610709309925
633,yarada,79.3,100,0,4.31,14.402843150308485,86.46203998868009
634,paka,79.75,100,88,11.96,5.466465357555322,107.03793648012095
635,monster,42.1,80,75,9.3,52.09834128894184,4.199413002760679
636,chilca,72.82,100,92,2.11,-14.708842165167354,-80.28639049313578
637,alto araguaia,65.8,88,88,1.81,-16.789348257632682,-52.925521572947986
638,byron bay,77.45,100,80,6.66,-27.273971597906865,158.7063415256788
639,malanje,72.72,96,36,2.11,-10.842677154812108,16.363759987218913
640,el bosque,51.35,97,80,1.06,17.01146584681446,-92.67637705017411
641,sorocaba,69.8,88,0,3.1,-23.432900868995347,-47.396043146492616
642,thano bula khan,73.4,25,0,3.6,25.146171247710015,67.70785406143557
643,keetmanshoop,88.57,28,0,0.96,-27.5140042824915,17.61540498117469
644,popondetta,80.38,100,88,2.56,-8.693265944511353,148.77090550783782
645,igarka,-22.54,67,56,2.11,65.82030362490929,86.03213947819444
646,pemangkat,81.1,100,92,7.46,2.063384323729693,107.22955197528768
647,hukuntsi,88.52,36,0,8.76,-24.348169211609417,21.672680632397146
648,cockburn town,75.61,96,68,11.51,27.115298481862638,-69.21834890861982
649,collierville,37.9,69,1,2.6,35.08878823410025,-89.6404234105441
650,batagay-alyta,-52.55,0,8,1.31,70.2336817238002,131.34429871483957
651,puerto madryn,62.56,23,0,3.46,-40.75755597594668,-65.7652649073904
652,novo aripuana,76.1,93,68,0.96,-6.174174386244189,-59.27577183480483
653,krasnoselkup,-1.93,72,88,7.26,64.3867393713513,81.71874640856322
654,lagoa,45.05,100,92,11.01,48.57721375221871,-32.71710194317646
655,orta nova,45.0,87,75,2.6,41.335707792257466,15.702733424540014
656,basyanovskiy,8.56,66,36,2.56,58.4976835511591,60.65221087836139
658,dandong,29.75,42,0,4.21,39.61160884037531,125.61606998817683
659,formoso do araguaia,71.24,99,36,1.21,-10.782272526700098,-50.21313907999195
660,mahadday weyne,90.14,39,0,7.51,3.370342960978249,45.57953519399919
661,noumea,75.52,100,0,6.81,-29.31004562173206,162.43583531695668
662,quzhou,55.13,67,32,1.51,28.52972262684183,118.87063593985096
663,ravar,71.56,22,12,3.11,32.27160178198531,57.71504252427084
664,bassar,82.4,57,0,2.06,9.543546491137292,0.4386382729868501
665,hastings,38.39,71,40,11.3,40.4990017473435,-98.73830583078158
666,cervo,53.69,100,76,13.51,45.581939932680825,-6.552813793048784
667,limbazi,19.4,92,90,6.2,57.32427297641547,24.695960386967897
668,thayetmyo,82.67,50,0,1.66,19.435787373005724,94.29133687473575
669,fairbanks,4.82,86,90,6.2,70.65447277495883,-145.8337790602282
670,dayong,38.93,100,92,1.26,29.571424049483255,110.10654595956657
671,urubicha,74.35,96,92,1.76,-15.402252964850902,-62.550153455584024
672,san policarpo,79.47,100,12,8.56,13.091828622399433,127.95581956144224
673,hecun,37.85,39,36,1.51,36.163000877281775,113.45904818861135
674,datong,29.52,21,8,1.16,39.60006271416759,113.21934035257635
675,bertoua,78.08,81,24,2.46,4.855650978460034,13.434639983039602
676,mwingi,79.34,64,36,2.91,-1.1096611583394491,38.17337018246491
677,juneau,1.18,63,36,1.06,59.79151349748136,-131.17958443054266
678,abeche,86.99,20,0,3.36,13.647734060749698,21.142320047059428
679,somersworth,29.43,63,1,3.6,43.261102090479255,-70.87792694246085
680,tabou,79.3,100,92,3.26,-1.0910834686546025,-6.364590775424375
681,yerbogachen,-21.64,60,44,1.16,64.39801928203693,108.1012689650471
682,ola,25.02,100,44,12.51,56.56426511223657,151.44959596744508
683,berbera,78.85,78,0,3.01,10.804358543889137,46.79498850267072
684,arona,65.8,100,8,9.36,25.44452607733166,-17.99020446284348
686,krishnagiri,82.4,42,40,1.5,12.61647756294687,78.11924198863136
687,tamiahua,68.54,100,0,3.31,22.70720767161582,-94.60309543692142
688,toba,57.38,100,24,12.46,33.769025141284885,136.9616975796912
689,nizhniy kuranakh,-6.25,82,44,1.16,59.68771795563018,124.92756546498754
690,pansemal,69.31,45,0,4.06,21.78197683382038,74.79539930632427
691,bolungarvik,14.22,96,80,22.06,67.57946287300186,-28.332750313659005
692,sukhinichi,18.5,96,92,3.71,54.162617015467276,35.35366421779736
693,barbar,74.39,20,0,7.41,18.93376414900463,33.16685626599167
694,hammerfest,31.73,100,80,5.01,72.02371431249833,22.957612692668675
695,kutum,68.9,12,0,5.01,17.992983917568665,25.55344504369117
696,pafos,60.31,100,56,7.16,33.59680737292979,32.09644864157224
697,pisco,71.2,100,76,6.31,-26.07056519995419,-96.99404720220916
698,doha,79.07,26,92,7.96,29.05284767039717,45.873293132007404
699,katangli,14.95,100,44,9.06,52.15623611244203,145.76495583560342
700,sorong,82.49,100,76,6.86,1.5282750648937053,130.56850002759774
701,zambezi,81.59,74,12,1.61,-13.86919744833537,21.893061375324805
702,port shepstone,65.3,100,80,9.66,-38.32862834285352,41.6738596068416
703,shelburne,46.17,100,92,5.51,41.14268249161839,-65.62880958560213
704,itoman,72.77,100,0,5.76,20.536085727015987,129.3488290013113
705,hit,61.12,100,92,6.46,31.148949059181078,42.60393739061391
706,amahai,82.81,100,48,8.36,-5.876074767734494,129.98466374997543
707,quemado de guines,73.4,78,40,2.1,22.83904833984265,-80.17457978633104
708,thunder bay,-36.94,70,0,1.06,48.91280799955888,-88.61673500197205
709,strai,24.82,85,75,3.6,58.748398390305994,7.730831092760496
710,sistranda,35.56,100,88,9.11,64.51630101689534,8.81871201796912
711,sinjar,53.47,100,92,3.01,36.29776229814061,41.348388187993635
712,oranjemund,65.26,96,8,1.16,-28.459393593728038,15.14394799407549
713,khor,72.01,96,36,6.56,26.56876491683009,52.36045173917904
714,bambanglipuro,79.21,100,92,12.16,-16.027474663257877,109.55762590569157
715,along,23.0,45,36,4.96,32.412950308088114,95.8074732182165
716,iberia,71.6,98,92,1.16,-11.862649908367757,-70.94440833667653
717,sindou,73.72,25,0,5.26,10.615416351555623,-5.530733441930607
718,burnie,67.15,84,88,5.26,-40.56190749339289,145.35511885242954
719,waipawa,59.18,97,24,8.06,-46.46698742173709,178.5504869269805
720,guanay,67.28,98,92,0.91,-15.216910200430092,-67.63595161891459
721,babanusah,96.22,30,8,5.36,10.265266750743677,27.77475534218081
722,salta,33.08,93,20,0.71,-25.467108453870935,-66.42794398602611
723,quetzaltepec,62.92,100,92,2.96,17.127433770930793,-95.59497043707002
724,zaysan,2.75,79,0,1.01,46.882118392529065,86.07968485461726
725,nisia floresta,81.05,100,92,4.56,-5.652207122038362,-33.42970163426446
726,gabaldon,73.45,65,20,2.51,15.546874214460047,121.48325696736174
727,sturgis,24.08,77,76,13.9,45.12519743626413,-103.13514038688012
728,champerico,79.97,100,0,6.11,10.053727487990642,-95.11876159745718
729,tieling,24.76,29,0,2.36,42.719260840709666,123.23032821117204
730,pangnirtung,1.04,92,68,12.61,65.51305727686614,-60.49671303854821
731,pekalongan,81.14,100,76,8.21,-6.454626687424536,109.82852623143987
732,mayumba,81.55,100,0,5.26,-5.407939267256523,8.398371974766064
733,shimoda,61.34,100,12,5.51,28.160982882992542,139.67771319053236
734,dunedin,56.39,91,20,8.61,-47.54246117554246,173.47200922122437
735,shemysheyka,16.07,87,88,6.61,52.86009769611877,45.303751547296514
736,moba,78.58,76,12,0.71,-7.704279594883573,29.205630391852907
737,agnibilekrou,82.04,74,0,3.86,6.97238557908193,-3.0158617589812593
738,belyy yar,-0.35,67,48,3.26,58.07108846068493,85.45925205627191
739,ridgecrest,42.37,80,1,1.5,35.28163692238094,-117.63779013575143
740,gawler,75.2,76,0,1.16,-34.20175833913698,138.96731398486025
741,chaozhou,71.6,40,0,2.0,23.73150714788764,116.76569121309171
742,aswan,60.8,45,0,4.36,23.29476853166328,31.110469372055746
743,verkhnyaya inta,-13.13,82,76,1.86,64.43604261959723,61.112222445250865
744,saint joseph,40.32,80,90,6.7,39.78585126876132,-94.99440532004596
745,bowen,77.41,100,92,10.61,-19.18997810085564,148.32476218610896
746,umtata,75.2,57,20,1.5,-31.396425169694737,28.8932860247171
747,kadykchan,-38.33,70,12,1.66,62.80818579233119,146.1215267421934
748,malakal,96.58,25,56,5.21,8.845211530209696,31.743707344548937
749,malwan,82.18,95,24,6.61,15.28801817103583,70.11571698719595
750,george,70.21,100,0,8.96,-37.40462784066827,22.02944927922661
751,iacu,67.73,96,92,1.31,-12.933340652546747,-40.27158379772868
752,chaochou,72.43,50,20,4.6,22.311820431247824,120.75296926027471
753,the pas,-3.46,62,48,5.26,54.88820032270968,-100.13678630349385
754,stuttgart,39.6,90,1,2.6,34.18358753646494,-91.24350051804508
755,daye,44.02,95,92,2.01,29.810471441243934,114.59034253936125
756,ryomgard,35.6,100,92,2.6,56.35648958737886,10.530762359922079
757,raudeberg,34.92,100,36,5.91,67.43112362560248,0.3531502932440844
758,bubaque,81.37,99,8,4.71,7.319065778729552,-20.414657735347987
759,kolondieba,67.1,33,0,4.76,11.531428325381611,-6.666658277950859
760,gamba,79.52,100,36,5.01,-6.288079901317431,4.673501195418652
761,san nicolas,81.05,98,48,5.01,14.919359289115661,119.63226006007142
762,ledyard,13.44,85,90,3.1,43.161392958841844,-93.79248985390954
763,pawayan,66.43,85,0,2.66,28.0274320373464,80.13290721216754
764,tambul,85.37,29,0,9.26,14.847210729427388,33.652734997770835
765,teya,-11.78,56,36,3.76,61.54130632062018,91.81907940267394
766,armacao dos buzios,81.28,100,56,7.36,-23.768398859186675,-40.396460870565676
767,kibuye,80.33,40,0,0.66,-2.19873348818912,29.386240250172392
768,mariental,92.17,14,0,6.31,-25.490919839961464,18.181143912492843
769,nenjiang,7.79,51,0,2.56,49.15720237084335,126.10615035046658
770,seoul,36.3,31,0,7.7,37.04868369711728,126.45571969381308
771,la maddalena,50.0,39,20,7.7,41.58968591755351,9.967943441194393
772,berliste,42.8,60,0,15.4,44.98937707718426,21.452302557218133
773,saint stephen,27.55,86,90,8.2,45.55533913956921,-67.17924059654722
774,taoudenni,51.17,62,0,2.31,23.486857602291067,-6.1269330411172405
775,pyaozerskiy,-0.13,75,80,3.96,65.98769459813539,31.12865700765937
776,brasileia,72.55,98,92,1.06,-10.595294832778592,-69.3570651788865
777,saint-pascal,8.6,49,8,5.01,47.4865584341714,-69.63814970339094
778,hvammstangi,20.52,100,80,1.16,65.7004594247546,-21.35736920915093
779,shache,-8.86,83,0,0.71,36.824914425559385,76.77069934659806
780,banmo,65.84,60,68,0.91,24.512542019376156,97.84686751967428
781,kuchinarai,86.86,27,0,2.6,16.44105428424426,104.1605290797296
782,srednekolymsk,-1.25,80,68,7.16,73.34289761469813,153.6005906929068
783,kongolo,80.78,80,32,1.81,-5.0532664089496535,26.588587072453578
784,kuruman,87.08,35,0,8.56,-27.089253254108932,23.31659167719323
785,benjamin constant,75.43,98,92,1.21,-4.79044444268402,-69.76097268864581
786,ronne,39.2,93,68,5.1,55.269572339358376,14.429044320515914
787,gifhorn,37.4,74,75,3.1,52.458979489101864,10.413200051078775
788,kibala,74.97,89,92,1.36,-9.745649375185323,14.852767032578754
789,pachmarhi,65.17,44,0,3.61,22.35802216033437,78.3897784864356
790,scarborough,79.07,100,36,8.06,10.392936438492924,-59.052426852107786
791,labrea,75.07,97,56,0.96,-7.2466512595080275,-64.09547387413988
792,barentu,90.5,25,36,1.31,16.510706464427983,37.72043377285158
793,praia da vitoria,55.49,100,0,4.06,41.80198230282869,-26.321693305803734
794,zhezkazgan,7.02,75,0,8.61,48.66818947949005,67.19576564499116
795,lichuan,42.85,98,68,1.31,29.29961779680893,108.7007932868272
796,funtua,79.93,30,0,5.66,10.985705439174936,6.388134207629605
797,soure,77.0,94,92,2.6,-0.8433897486234088,-48.47704744954538
798,sept-iles,-17.14,71,56,2.71,55.94157569756723,-67.49405772301901
799,cody,17.96,88,56,1.5,44.55225218709407,-110.10112330744364
800,tigil,17.65,100,12,10.96,57.85027212716929,155.25705622987158
801,mitsamiouli,82.4,100,68,5.21,-6.635912768871535,46.92313994058344
802,dubbo,96.31,25,0,2.21,-29.795961393319146,146.76175933773203
803,tanda,80.65,77,0,4.21,7.811321920186046,-3.254955159526844
804,necochea,62.02,86,88,5.21,-42.072417023090665,-56.86799216441423
805,oktyabrskoye,-4.22,80,56,2.96,63.36804855936006,67.08691573031842
806,lumphat,86.05,47,0,3.16,13.827716043552002,107.32429328643497
807,puerto el triunfo,82.04,99,36,4.01,12.47756027825261,-89.01527813387551
808,bor,33.08,80,75,3.1,49.73084321797427,12.808270010069066
809,kalmunai,83.12,100,48,4.91,7.269389411892149,88.0143948878748
810,solton,-7.78,78,64,4.66,52.88248583399448,86.15490989750919
811,khovu-aksy,-2.65,74,32,2.41,49.97993443452472,93.5212241657357
812,payakumbuh,77.22,91,80,1.56,0.48997439924004027,100.29477720699651
813,kuche,33.98,96,0,3.01,40.05290941483858,83.25362780052336
814,rio gallegos,51.4,90,0,7.41,-52.24789147788135,-67.3464833154539
815,innisfail,78.62,100,88,6.01,-16.773071945159415,148.49592121723384
816,gezing,30.83,63,56,0.76,27.43512522043747,87.83424427082349
817,kahama,79.97,80,0,2.86,-3.8269117346233656,32.614779409994924
818,chake chake,82.13,100,64,6.16,-5.432410447832481,41.08761572175513
819,jalu,58.96,27,0,2.16,25.449681618980435,23.800789520299247
820,san francisco,75.92,96,24,2.41,-30.26497547954159,-62.86293651564195
821,whyalla,80.6,42,0,6.7,-32.97811652689099,137.6962825065005
822,wamba,90.68,42,20,1.36,2.693005776741998,28.603786251296043
823,mweka,84.52,75,12,1.41,-4.822427254775874,22.103349588211586
824,moron,9.68,65,68,3.71,50.12448092804692,100.34249680983487
825,beyneu,47.84,99,48,2.06,42.53562155136038,55.908498607349685
826,warrnambool,62.56,92,76,11.66,-42.20011049333748,142.17282941386622
827,muros,54.68,99,64,10.01,45.28656957062978,-12.793587836803113
828,lenger,57.2,26,0,2.0,42.33730741343325,70.05368084574769
829,pacifica,55.04,100,92,6.36,37.20654401567539,-124.5894417376006
830,ronda,51.8,53,20,9.3,36.8120774631617,-4.967106446080834
831,khromtau,6.12,79,92,9.61,49.576803513142806,58.53809639642145
832,bonthe,79.7,100,48,2.41,3.1723783415003624,-18.366521365253533
833,kiama,78.67,99,48,8.61,-35.501817773905096,152.9785567416834
834,tyup,25.93,73,0,1.11,43.10757717210808,78.59705794363407
835,caapora,75.2,100,75,1.5,-7.5173768829936165,-34.86549384325545
836,beziers,40.01,80,90,3.1,43.12585268666501,3.3031335433188076
837,muroto,61.88,100,36,11.26,30.54031989093893,135.6697649390989
838,kilemary,18.37,85,92,4.36,56.7763013522615,46.75572189519082
839,zaltan,55.9,83,0,5.31,32.97927880947434,11.79399018221838
840,uspenka,-7.69,64,12,3.56,57.109441726522334,68.97224206063112
841,porto novo,73.36,100,8,2.81,14.615883985292413,-37.24512590032913
842,agadir,61.79,100,12,11.96,30.9551172850354,-11.468586175943244
843,mahuva,70.93,90,0,7.91,20.743328919361247,71.76321487399224
845,maningrida,82.67,100,80,10.51,-10.09772943621951,134.0634936639397
846,saint-augustin,-4.09,76,80,6.46,52.56048132734452,-59.10211704631942
847,masakin,54.79,58,20,1.0,35.766349178207946,10.280220407230473
848,kenitra,53.6,81,75,2.1,34.14859340453124,-6.385003866503382
849,dwarka,75.16,100,0,9.11,20.08551037685025,64.32949129609474
850,dhidhdhoo,82.04,100,12,3.66,7.160499671804303,71.95934956014571
851,asyut,59.0,31,0,2.86,25.9962806738546,29.722570011265987
852,kollumerland,39.2,80,88,18.5,53.882259823454575,5.818643449377561
853,mapimi,31.15,54,24,1.31,25.87734107448931,-104.03763443266372
854,palmerston,-7.6,83,1,1.0,43.834433062223326,-80.87253154689185
855,peniche,57.38,100,80,7.76,39.73188909522321,-10.522454215235456
856,krasnoarmeysk,-2.2,77,0,3.0,53.75880967308822,69.32004041077758
857,chalmette,45.81,91,1,1.5,29.58428593757118,-89.39405428423977
858,karamay,13.19,31,0,7.61,45.720383142041925,84.23096344776792
